<platform_software_list package_release_date="2018-04-18" schemaVersion="1.1" xmlns:xsi="http://www.w3.org/2001/XMLSchema-instance">
   <supported_product_list product_name="SPARC T3-1" product_uuid="urn:uuid:e823f71d-d883-11de-9869-080020a9ed93"/>
   <platform_software_element installation_priority="1" manufacturer="Oracle" software_binary_name="Sun_System_Firmware-8_3_40_a-SPARC_T3-1.pkg" prerequisite_binary_name="" relative_path="." target_hardware_type="SP" update_mechanism="HOST" size_in_bytes="17412338" md5checksum="d6399102c26c1a87e1e58c15b5fa1074">
      <software_identity software_description="Sun System Firmware 8.3.40.a 2018/02/15 10:25" software_version="8.3.40.a" software_type="SYSTEM-FIRMWARE"/>
      <component_selection_criteria>
         <instructions/>
         <exclude>
            <elem data_source="storagelib" returned_data_type="string" search_property_name="oracle-sysfw-version" match_on_value="8.3.40.a"/>
         </exclude>
      </component_selection_criteria>
      <prerequisite_power_control_options instructions="" power_condition="NO_ACTION_REQUIRED" wait_time_after_power_action="0"/>
      <post_installation_power_control_options instructions="" power_condition="NO_ACTION_REQUIRED" wait_time_after_power_action="0" wait_time_before_power_action="0"/>
   </platform_software_element>
</platform_software_list>
