<?xml version="1.0"?>
<platform_software_list xmlns:xsi="http://www.w3.org/2001/XMLSchema-instance" package_release_date="2014-05-29" schemaVersion="1.0"><supported_product_list product_name="SPARC T3-1" product_uuid="urn:uuid:e823f71d-d883-11de-9869-080020a9ed93"/>
 <platform_software_element installation_priority="1" manufacturer="Oracle" md5checksum="254704e603e3b235be339f5216e1b944" prerequisite_binary_name="" relative_path="." size_in_bytes="16425746" software_binary_name="Sun_System_Firmware-8_3_2-SPARC_T3-1.pkg" target_hardware_type="SP" update_mechanism="HOST">
 <software_identity software_description="Sun System Firmware 8.3.2 2014/05/19 14:40" software_type="SYSTEM-FIRMWARE" software_version="8.3.2"/>
    <component_selection_criteria>
      <instructions/>
    </component_selection_criteria>
    <prerequisite_power_control_options instructions="" power_condition="SYSTEM_POWER_OFF" wait_time_after_power_action="0"/>
    <post_installation_power_control_options instructions="" power_condition="NO_ACTION_REQUIRED" wait_time_after_power_action="0" wait_time_before_power_action="0"/>
  </platform_software_element>
  
</platform_software_list>

